{"assets/.DS_Store":["assets/.DS_Store"],"assets/json/bus_10_work_station.json":["assets/json/bus_10_work_station.json"],"assets/json/bus_11_work_station.json":["assets/json/bus_11_work_station.json"],"assets/json/bus_12_work_station.json":["assets/json/bus_12_work_station.json"],"assets/json/bus_13_work_station.json":["assets/json/bus_13_work_station.json"],"assets/json/bus_14_work_station.json":["assets/json/bus_14_work_station.json"],"assets/json/bus_15_work_station.json":["assets/json/bus_15_work_station.json"],"assets/json/bus_16_work_station.json":["assets/json/bus_16_work_station.json"],"assets/json/bus_17_work_station.json":["assets/json/bus_17_work_station.json"],"assets/json/bus_18_work_station.json":["assets/json/bus_18_work_station.json"],"assets/json/bus_19_work_station.json":["assets/json/bus_19_work_station.json"],"assets/json/bus_1_holiday_work_station.json":["assets/json/bus_1_holiday_work_station.json"],"assets/json/bus_1_work_station.json":["assets/json/bus_1_work_station.json"],"assets/json/bus_20_work_station.json":["assets/json/bus_20_work_station.json"],"assets/json/bus_21_work_station.json":["assets/json/bus_21_work_station.json"],"assets/json/bus_22_work_station.json":["assets/json/bus_22_work_station.json"],"assets/json/bus_23_work_station.json":["assets/json/bus_23_work_station.json"],"assets/json/bus_24_off_work_station.json":["assets/json/bus_24_off_work_station.json"],"assets/json/bus_25_off_work_station.json":["assets/json/bus_25_off_work_station.json"],"assets/json/bus_26_off_work_station.json":["assets/json/bus_26_off_work_station.json"],"assets/json/bus_27_off_work_station.json":["assets/json/bus_27_off_work_station.json"],"assets/json/bus_28_off_work_station.json":["assets/json/bus_28_off_work_station.json"],"assets/json/bus_29_off_work_station.json":["assets/json/bus_29_off_work_station.json"],"assets/json/bus_2_holiday_work_station.json":["assets/json/bus_2_holiday_work_station.json"],"assets/json/bus_2_work_station.json":["assets/json/bus_2_work_station.json"],"assets/json/bus_30_off_work_station.json":["assets/json/bus_30_off_work_station.json"],"assets/json/bus_31_off_work_station.json":["assets/json/bus_31_off_work_station.json"],"assets/json/bus_32_off_work_station.json":["assets/json/bus_32_off_work_station.json"],"assets/json/bus_33_off_work_station.json":["assets/json/bus_33_off_work_station.json"],"assets/json/bus_34_off_work_station.json":["assets/json/bus_34_off_work_station.json"],"assets/json/bus_35_off_work_station.json":["assets/json/bus_35_off_work_station.json"],"assets/json/bus_36_off_work_station.json":["assets/json/bus_36_off_work_station.json"],"assets/json/bus_37_off_work_station.json":["assets/json/bus_37_off_work_station.json"],"assets/json/bus_38_off_work_station.json":["assets/json/bus_38_off_work_station.json"],"assets/json/bus_39_off_work_station.json":["assets/json/bus_39_off_work_station.json"],"assets/json/bus_3_holiday_off_work_station.json":["assets/json/bus_3_holiday_off_work_station.json"],"assets/json/bus_3_work_station.json":["assets/json/bus_3_work_station.json"],"assets/json/bus_40_off_work_station.json":["assets/json/bus_40_off_work_station.json"],"assets/json/bus_41_off_work_station.json":["assets/json/bus_41_off_work_station.json"],"assets/json/bus_42_off_work_station.json":["assets/json/bus_42_off_work_station.json"],"assets/json/bus_43_off_work_station.json":["assets/json/bus_43_off_work_station.json"],"assets/json/bus_44_off_work_station.json":["assets/json/bus_44_off_work_station.json"],"assets/json/bus_45_off_work_station.json":["assets/json/bus_45_off_work_station.json"],"assets/json/bus_46_off_work_station.json":["assets/json/bus_46_off_work_station.json"],"assets/json/bus_4_holiday_off_work_station.json":["assets/json/bus_4_holiday_off_work_station.json"],"assets/json/bus_4_work_station.json":["assets/json/bus_4_work_station.json"],"assets/json/bus_5_holiday_off_work_station.json":["assets/json/bus_5_holiday_off_work_station.json"],"assets/json/bus_5_work_station.json":["assets/json/bus_5_work_station.json"],"assets/json/bus_6_holiday_work_station.json":["assets/json/bus_6_holiday_work_station.json"],"assets/json/bus_6_work_station.json":["assets/json/bus_6_work_station.json"],"assets/json/bus_7_work_station.json":["assets/json/bus_7_work_station.json"],"assets/json/bus_8_work_station.json":["assets/json/bus_8_work_station.json"],"assets/json/bus_9_work_station.json":["assets/json/bus_9_work_station.json"],"assets/json/holiday_off_work_time.json":["assets/json/holiday_off_work_time.json"],"assets/json/holiday_work_time.json":["assets/json/holiday_work_time.json"],"assets/json/off_work_time.json":["assets/json/off_work_time.json"],"assets/json/work_time.json":["assets/json/work_time.json"],"packages/cupertino_icons/assets/CupertinoIcons.ttf":["packages/cupertino_icons/assets/CupertinoIcons.ttf"]}