{
	"code": 200,
	"message": "成功",
	"data": [{
		"number": 32,
		"timeLabel": "17:45",
		"station": "软件园"
	},{
		"number": 32,
		"timeLabel": "17:45",
		"station": "南海幸福汇"
	},{
		"number": 32,
		"timeLabel": "17:45",
		"station": "永秀花园公交站"
	},{
		"number": 32,
		"timeLabel": "17:45",
		"station": "时代城公交站"
	},{
		"number": 32,
		"timeLabel": "17:45",
		"station": "海大北门"
	},{
		"number": 32,
		"timeLabel": "17:45",
		"station": "港湾花园"
	},{
		"number": 32,
		"timeLabel": "17:45",
		"station": "京海花园"
	},{
		"number": 32,
		"timeLabel": "17:45",
		"station": "中北大厦"
	},{
		"number": 32,
		"timeLabel": "17:45",
		"station": "银谷苑"
	}],
	"ok": true
}