{
	"code": 200,
	"message": "成功",
	"data": [{
		"number": 20,
		"timeLabel": "11:30",
		"station": "鸿运酒店"
	},{
		"number": 20,
		"timeLabel": "11:35",
		"station": "旧海航大厦"
	},{
		"number": 20,
		"timeLabel": "11:40",
		"station": "警备区"
	},{
		"number": 20,
		"timeLabel": "11:45",
		"station": "金牛岭公园"
	},{
		"number": 20,
		"timeLabel": "11:50",
		"station": "凤凰新村"
	},{
		"number": 20,
		"timeLabel": "12:00",
		"station": "西站"
	},{
		"number": 20,
		"timeLabel": "12:20",
		"station": "软件园"
	}],
	"ok": true
}