{
	"code": 200,
	"message": "成功",
	"data": [{
		"number": 3,
		"timeLabel": "18:15",
		"station": "未来学校（剧场路口）"
	},{
		"number": 3,
		"timeLabel": "18:20",
		"station": "腾讯生态村"
	},{
		"number": 3,
		"timeLabel": "18:25",
		"station": "云海吾乡（新城）"
	},{
		"number": 3,
		"timeLabel": "18:40",
		"station": "软件园"
	},{
		"number": 3,
		"timeLabel": "18:40",
		"station": "高铁城西3号站"
	},{
		"number": 3,
		"timeLabel": "18:40",
		"station": "金霖花园"
	},{
		"number": 3,
		"timeLabel": "18:40",
		"station": "昌茂花园"
	},{
		"number": 3,
		"timeLabel": "18:40",
		"station": "九中"
	},{
		"number": 3,
		"timeLabel": "18:40",
		"station": "东湖"
	},{
		"number": 3,
		"timeLabel": "18:40",
		"station": "彩票中心"
	},{
		"number": 3,
		"timeLabel": "18:40",
		"station": "五公祠"
	}],
	"ok": true
}