{
	"code": 200,
	"message": "成功",
	"data": [{
		"number": 29,
		"timeLabel": "17:45",
		"station": "软件园"
	},{
		"number": 29,
		"timeLabel": "17:45",
		"station": "万达广场"
	},{
		"number": 29,
		"timeLabel": "17:45",
		"station": "泓环站"
	},{
		"number": 29,
		"timeLabel": "17:45",
		"station": "西站"
	},{
		"number": 29,
		"timeLabel": "17:45",
		"station": "凤凰新村"
	},{
		"number": 29,
		"timeLabel": "17:45",
		"station": "金牛岭公园"
	},{
		"number": 29,
		"timeLabel": "17:45",
		"station": "碧湖家园"
	},{
		"number": 29,
		"timeLabel": "17:45",
		"station": "警备区"
	}],
	"ok": true
}