{
	"code": 200,
	"message": "成功",
	"data": [{
		"number": 21,
		"timeLabel": "16:00",
		"station": "鸿运酒店"
	},{
		"number": 21,
		"timeLabel": "16:03",
		"station": "旧海航大厦"
	},{
		"number": 21,
		"timeLabel": "16:10",
		"station": "警备区"
	},{
		"number": 21,
		"timeLabel": "16:15",
		"station": "金牛岭公园"
	},{
		"number": 21,
		"timeLabel": "16:20",
		"station": "凤凰新村"
	},{
		"number": 21,
		"timeLabel": "16:40",
		"station": "西站"
	},{
		"number": 21,
		"timeLabel": "17:00",
		"station": "软件园"
	}],
	"ok": true
}