{
	"code": 200,
	"message": "成功",
	"data": [{
		"number": 31,
		"timeLabel": "17:45",
		"station": "软件园"
	},{
		"number": 31,
		"timeLabel": "17:45",
		"station": "夏威夷海岸"
	},{
		"number": 31,
		"timeLabel": "17:45",
		"station": "南光西海湾"
	},{
		"number": 31,
		"timeLabel": "17:45",
		"station": "爱华汽车广场"
	},{
		"number": 31,
		"timeLabel": "17:45",
		"station": "电力村"
	},{
		"number": 31,
		"timeLabel": "17:45",
		"station": "文华酒店"
	},{
		"number": 31,
		"timeLabel": "17:45",
		"station": "万绿园"
	},{
		"number": 31,
		"timeLabel": "17:45",
		"station": "宝发幸福酒店"
	}],
	"ok": true
}